provinsi,tahun,air_bersih,kapasitas_potensial,kapasitas_efektif,efektivitas_produksi,jml_pekerja,pekerja_teknis_slta,pekerja_teknis_diploma,pekerja_non_teknis,non_teknis_slta,non_teknis_diploma,balas_jasa,biaya_bahan_bakar,biaya_listrik,biaya_kimia,biaya_atk,biaya_suku_cadang,biaya_sewa,biaya_jasa_lain,Biaya_Operasional_Perusahaan_Air_Bersih ,Jumlah_Pelanggan_Perusahaan_Air_Bersih ,pelanggan_sosial,Jumlah_Pelanggan_Kelompok_Non_Niaga_Perusahaan_Air_Bersih ,pelanggan_niaga,pelanggan_khusus,volume_total,volume_sosial,volume_non_niaga,volume_niaga,volume_khusus,"Nilai_Air_Bersih_Yang_Disalurkan_Perusahaan_Air_Bersih                                               
",Nilai_Air_Bersih_Yang_Disalurkan_Kepada_Kelompok_Sosial ,Nilai_Air_Bersih_Yang_Disalurkan_Kepada_Kelompok_Non_Niaga ,Nilai_Air_Bersih_Yang_Disalurkan_Kepada_Kelompok_Niaga_dan_Industri ,Nilai_Air_Bersih_yang_Disalurkan_ke_Pelanggan_Khusus_dan_Pelangan_Lainnya ,Nilai_Pendapatan_dari_Kegiatan_Lain_Perusahaan_Air_Bersih 
,2019-01-01 00:00:00+00:00,18.0,4.434,3.489,78.69,1.186,485.0,122.0,579.0,390.0,189.0,73.39,1.161,23.684,8.77,1.362,1.002,301.0,3.915,22.018,221.941,2.23,195.318,23.6,793.0,47.756,1.132,35.127,3.38,1.239,152.839,2.737,128.424,17.869,3.808,23.891
,2019-01-01 00:00:00+00:00,42.0,12.896,11.484,89.05,4.104,1.264,369.0,2.471,1.741,730.0,256.961,5.61,122.434,45.74,17.941,7.58,2.245,29.314,130.42,866.146,11.178,770.176,84.497,295.0,252.098,12.172,203.608,31.473,764.0,936.629,14.464,716.765,198.559,6.841,95.056
,2019-01-01 00:00:00+00:00,18.0,6.012,4.272,71.06,1.425,661.0,146.0,618.0,368.0,250.0,104.957,4.853,12.057,8.039,1.629,2.501,4.453,5.913,92.867,570.259,4.208,529.761,35.935,355.0,101.036,2.808,66.135,9.063,748.0,309.177,4.554,248.85,52.127,3.646,40.523
,2019-01-01 00:00:00+00:00,26.0,2.462,1.592,64.66,978.0,527.0,90.0,361.0,194.0,167.0,35.424,10.267,8.878,13.108,233.0,639.0,99.0,3.273,7.013,91.389,938.0,79.047,10.297,1.107,20.71,311.0,14.476,2.29,238.0,76.836,941.0,57.985,16.797,1.112,7.506
,2019-01-01 00:00:00+00:00,11.0,4.542,3.418,75.25,1.421,646.0,175.0,600.0,378.0,222.0,79.827,2.479,43.859,11.202,1.211,693.0,182.0,1.875,5.755,943.591,5.615,925.147,12.789,40.0,40.393,1.169,32.768,3.486,160.0,165.555,3.822,136.726,23.936,1.072,10.926
,2019-01-01 00:00:00+00:00,19.0,10.765,8.805,81.79,2.418,1.132,347.0,939.0,620.0,319.0,197.674,2.327,48.25,30.363,9.287,12.057,198.0,14.069,73.744,873.312,9.149,814.085,47.554,2.524,153.784,3.967,125.111,19.36,322.0,628.045,9.141,472.718,143.742,2.444,70.395
,2019-01-01 00:00:00+00:00,9.0,2.067,1.606,77.7,559.0,244.0,47.0,268.0,166.0,102.0,36.451,930.0,12.97,2.987,565.0,331.0,340.0,7.171,3.985,91.641,1.247,86.648,3.743,3.0,25.69,540.0,16.908,902.0,35.0,80.143,1.217,71.566,6.308,1.053,9.988
,2019-01-01 00:00:00+00:00,43.0,1.793,1.219,67.99,596.0,280.0,72.0,244.0,176.0,68.0,30.821,662.0,3.693,2.094,264.0,332.0,88.0,5.238,27.689,86.405,1.384,80.224,4.484,313.0,18.181,494.0,14.566,1.482,186.0,73.3,1.466,60.131,9.7,2.003,3.147
,2019-01-01 00:00:00+00:00,7.0,985.0,764.0,77.56,327.0,102.0,32.0,193.0,127.0,66.0,19.103,494.0,7.998,1.605,881.0,969.0,349.0,1.866,9.367,30.508,429.0,29.164,908.0,7.0,8.377,98.0,7.014,261.0,44.0,43.828,440.0,39.91,3.276,203.0,5.214
,2019-01-01 00:00:00+00:00,14.0,4.955,4.564,92.11,882.0,329.0,82.0,471.0,261.0,210.0,113.407,2.852,74.891,26.498,1.557,3.125,7.02,14.347,43.275,327.946,2.759,280.365,44.762,60.0,116.252,3.68,68.355,23.893,2.294,595.724,7.825,308.036,271.193,8.671,76.585
,2019-01-01 00:00:00+00:00,8.0,18.108,17.47,96.48,2.198,990.0,566.0,642.0,196.0,446.0,555.054,3.732,157.258,46.008,6.399,6.216,30.349,290.606,621.898,885.353,6.595,749.863,128.886,9.0,511.855,7.633,237.038,124.272,3.246,3.090.613,11.375,1.592.767,1.443.509,42.963,322.49
,2019-01-01 00:00:00+00:00,22.0,21.975,18.634,84.8,7.67,2.512,855.0,4.303,2.875,1.428,755.111,5.698,135.424,95.622,24.743,12.967,10.032,84.522,442.016,1.831.042,26.316,1.714.975,87.84,1.911,384.202,8.923,275.431,27.735,18.796,1.988.278,24.229,1.578.300,295.126,90.623,196.763
,2019-01-01 00:00:00+00:00,42.0,31.019,25.119,80.98,6.425,2.605,739.0,3.081,1.711,1.37,558.468,9.671,103.528,48.755,19.621,14.23,9.814,156.784,365.684,1.765.894,27.005,1.659.138,70.722,9.029,451.564,12.547,342.072,24.013,7.802,1.638.674,29.771,1.355.175,192.386,61.341,351.449
.,2019-01-01 00:00:00+00:00,6.0,2.607,2.206,84.62,805.0,425.0,89.0,291.0,178.0,113.0,63.248,1.534,45.26,5.498,1.324,912.0,872.0,3.872,36.005,180.598,3.439,173.507,2.711,941.0,41.421,1.141,32.017,1.699,398.0,189.735,3.929,164.214,18.331,3.261,16.188
,2019-01-01 00:00:00+00:00,38.0,30.467,26.72,87.7,6.672,2.556,594.0,3.522,2.44,1.082,563.192,13.014,328.256,57.752,5.993,10.508,9.484,78.771,404.022,2.132.347,31.16,1.982.187,113.728,5.272,731.229,18.155,446.505,71.48,15.013,2.084.035,31.524,1.439.055,550.183,63.273,325.229
,2019-01-01 00:00:00+00:00,8.0,9.864,8.275,83.89,1.279,329.0,185.0,765.0,360.0,405.0,167.476,1.325,69.21,22.115,2.658,4.47,32.158,138.216,313.849,311.318,3.067,294.075,13.885,291.0,225.86,1.906,62.482,46.788,114.497,1.171.980,4.309,298.379,463.858,405.433,61.208
,2019-01-01 00:00:00+00:00,20.0,9.854,8.782,89.12,2.382,1.07,122.0,1.19,930.0,260.0,229.715,3.527,114.849,26.631,3.161,5.165,1.457,10.448,169.268,470.621,8.816,415.497,45.942,366.0,152.415,3.354,93.809,19.329,1.756,697.634,9.678,449.123,211.8,27.033,95.213
,2019-01-01 00:00:00+00:00,8.0,3.918,3.05,77.85,1.218,530.0,106.0,582.0,404.0,178.0,79.966,1.615,7.23,4.959,810.0,1.319,2.983,11.033,17.965,547.391,12.232,522.764,11.645,750.0,82.44,2.108,53.671,2.511,525.0,195.335,4.81,167.784,19.352,3.389,29.454
,2019-01-01 00:00:00+00:00,16.0,3.862,1.78,46.09,1.136,617.0,97.0,422.0,300.0,122.0,83.272,2.862,13.87,450.0,946.0,1.93,257.0,3.02,20.672,154.992,1.692,147.537,5.561,202.0,34.586,771.0,26.439,1.889,281.0,134.23,2.508,114.665,12.695,4.362,23.729
,2019-01-01 00:00:00+00:00,28.0,4.642,3.471,74.77,1.027,386.0,159.0,482.0,328.0,154.0,94.204,3.617,40.017,16.813,1.093,3.232,1.268,10.816,29.964,241.233,2.789,213.579,24.244,621.0,66.686,2.066,52.724,8.854,508.0,274.265,4.203,207.826,60.707,1.529,35.807
,2019-01-01 00:00:00+00:00,14.0,2.56,1.948,76.09,1.079,480.0,93.0,506.0,328.0,178.0,80.029,5.027,21.199,14.608,860.0,2.359,104.0,3.547,35.618,150.819,1.764,139.306,9.245,504.0,39.983,918.0,30.255,2.635,215.0,165.648,3.237,142.544,18.848,1.02,14.987
,2019-01-01 00:00:00+00:00,12.0,7.497,5.343,71.27,1.594,598.0,311.0,685.0,409.0,276.0,208.682,4.676,68.577,30.777,1.723,8.187,3.137,18.938,119.632,469.378,8.931,425.457,33.594,1.396,112.036,4.008,85.172,11.813,1.378,598.136,13.146,474.325,108.097,2.569,81.905
,2019-01-01 00:00:00+00:00,9.0,8.018,7.201,89.81,2.377,770.0,400.0,1.207,833.0,374.0,258.491,10.907,133.179,78.446,4.465,6.998,6.834,34.789,132.435,464.138,5.685,427.981,29.85,622.0,186.859,3.856,119.061,14.41,576.0,861.454,12.059,706.988,134.137,8.271,73.804
,2019-01-01 00:00:00+00:00,5.0,1.78,1.125,63.2,345.0,170.0,27.0,148.0,84.0,64.0,39.544,3.188,13.083,10.741,417.0,232.0,162.0,7.966,10.581,66.961,589.0,56.809,9.539,24.0,21.798,407.0,16.084,3.474,79.0,103.112,1.364,70.467,29.707,1.574,4.752
,2019-01-01 00:00:00+00:00,14.0,3.501,1.993,56.93,949.0,438.0,59.0,452.0,305.0,147.0,51.926,2.418,13.714,4.851,997.0,1.284,259.0,5.558,35.941,117.136,2.014,109.988,5.049,85.0,31.208,770.0,18.519,1.912,403.0,115.913,3.722,87.577,17.252,7.362,2.631
,2019-01-01 00:00:00+00:00,11.0,2.886,1.735,60.12,739.0,383.0,41.0,315.0,205.0,110.0,28.101,879.0,4.071,363.0,497.0,713.0,311.0,1.728,5.601,99.115,1.136,92.977,4.989,13.0,19.389,334.0,17.295,1.742,17.0,45.569,506.0,39.386,5.502,176.0,3.45
,2019-01-01 00:00:00+00:00,24.0,9.228,7.383,80.01,3.133,1.407,613.0,1.113,552.0,561.0,233.306,4.78,39.828,14.211,3.464,5.378,1.845,13.66,136.908,509.644,6.288,473.142,29.732,482.0,147.945,4.607,107.84,10.302,2.257,563.417,7.192,432.266,103.097,20.861,61.654
,2019-01-01 00:00:00+00:00,10.0,1.86,1.192,64.09,1.082,458.0,150.0,474.0,271.0,203.0,42.318,2.272,11.276,1.821,778.0,1.014,73.0,4.424,16.462,94.203,941.0,89.338,2.605,1.319,14.642,231.0,10.17,739.0,487.0,75.674,943.0,62.451,10.235,2.045,6.163
,2019-01-01 00:00:00+00:00,6.0,1.398,1.046,74.82,662.0,232.0,60.0,370.0,264.0,106.0,35.986,820.0,8.24,3.601,350.0,988.0,452.0,914.0,6.729,88.339,2.761,82.352,2.585,641.0,18.984,1.367,13.586,1.345,118.0,69.518,2.274,57.644,9.08,519.0,3.963
,2019-01-01 00:00:00+00:00,5.0,849.0,450.0,53.0,299.0,115.0,44.0,140.0,104.0,36.0,13.562,373.0,3.748,2.436,197.0,146.0,72.0,4.002,1.641,63.466,1.056,60.662,1.743,5.0,9.874,422.0,8.736,530.0,11.0,35.957,619.0,31.316,3.849,173.0,3.897
,2019-01-01 00:00:00+00:00,8.0,1.17,972.0,83.08,540.0,275.0,24.0,241.0,169.0,72.0,21.358,1.475,4.831,11.0,407.0,219.0,311.0,1.779,12.388,57.777,651.0,54.559,2.385,182.0,10.207,183.0,8.667,547.0,85.0,52.964,849.0,46.118,4.657,1.34,5.102
,2019-01-01 00:00:00+00:00,8.0,1.4,1.228,87.71,520.0,263.0,35.0,222.0,145.0,77.0,28.649,1.388,20.41,435.0,746.0,1.215,0.0,471.0,34.099,85.433,1.324,79.778,3.761,570.0,24.977,784.0,16.238,1.324,55.0,86.104,2.405,76.602,6.721,377.0,7.705
,2019-01-01 00:00:00+00:00,7.0,1.751,1.38,78.81,362.0,160.0,27.0,175.0,122.0,53.0,37.782,939.0,4.751,238.0,1.165,1.504,815.0,1.101,9.476,70.483,1.138,64.955,4.373,17.0,19.872,971.0,15.087,1.513,188.0,89.249,3.333,71.703,11.512,2.7,7.358
,2020-01-01 00:00:00+00:00,19.0,4.426,3.477,78.56,1.331,599.0,140.0,592.0,391.0,201.0,86.312,1.024,30.371,10.176,975.0,1.929,463.0,5.05,22.283,211.554,2.435,188.721,20.125,273.0,55.892,1.013,41.814,3.31,564.0,158.695,2.929,136.58,16.478,2.709,23.251
,2020-01-01 00:00:00+00:00,41.0,11.782,9.998,84.86,3.971,1.173,415.0,2.383,1.528,855.0,286.991,2.692,123.759,43.942,17.94,7.729,1.779,23.849,139.651,894.058,10.167,798.487,84.221,1.183,325.447,13.03,257.689,36.582,1.444,960.93,13.755,757.412,184.783,4.98,100.845
,2020-01-01 00:00:00+00:00,18.0,6.631,5.101,76.93,1.599,677.0,164.0,758.0,443.0,315.0,108.237,5.382,13.576,7.835,1.769,3.821,4.576,10.199,87.362,579.634,4.285,555.412,18.738,1.199,109.266,2.27,74.647,5.541,1.184,344.803,4.014,294.4,42.176,4.212,38.368
,2020-01-01 00:00:00+00:00,26.0,2.499,1.502,60.1,986.0,476.0,52.0,458.0,254.0,204.0,32.265,10.333,8.561,16.439,429.0,726.0,145.0,3.814,10.711,89.403,991.0,77.706,10.57,136.0,18.467,321.0,15.219,2.484,77.0,86.512,1.035,66.873,18.328,277.0,19.911
,2020-01-01 00:00:00+00:00,11.0,4.719,3.307,70.08,1.253,509.0,144.0,600.0,400.0,200.0,65.733,1.476,47.608,14.218,1.239,1.139,156.0,3.154,8.922,959.991,7.001,936.221,16.718,51.0,49.133,1.146,37.84,3.712,181.0,185.147,3.624,153.038,26.979,1.507,37.388
,2020-01-01 00:00:00+00:00,18.0,10.0,8.987,89.87,2.467,988.0,511.0,968.0,664.0,304.0,204.073,2.549,50.419,36.097,6.45,4.256,497.0,9.595,43.092,862.169,14.23,791.896,53.553,2.49,197.242,5.286,137.994,18.559,706.0,661.481,14.175,503.288,137.958,6.059,44.451
,2020-01-01 00:00:00+00:00,9.0,1.966,1.551,78.89,516.0,238.0,44.0,234.0,127.0,107.0,32.036,806.0,8.402,2.844,465.0,365.0,192.0,9.787,4.266,90.049,1.238,84.487,4.301,23.0,24.721,471.0,16.286,1.052,51.0,79.828,949.0,70.128,7.415,1.337,8.01
,2020-01-01 00:00:00+00:00,44.0,1.79,1.356,75.75,606.0,220.0,31.0,355.0,235.0,120.0,34.744,847.0,3.509,2.403,264.0,986.0,81.0,6.395,3.983,86.22,1.294,79.813,4.787,326.0,17.52,503.0,14.634,1.576,77.0,80.395,1.32,64.921,12.988,1.167,4.379
,2020-01-01 00:00:00+00:00,7.0,1.053,776.0,73.69,313.0,100.0,42.0,171.0,103.0,68.0,21.383,504.0,9.141,1.877,620.0,368.0,347.0,1.917,8.021,31.058,378.0,29.706,963.0,11.0,8.725,106.0,5.927,326.0,9.0,40.149,488.0,35.942,3.548,172.0,5.195
,2020-01-01 00:00:00+00:00,14.0,5.095,4.505,88.42,893.0,365.0,107.0,421.0,239.0,182.0,119.198,1.93,76.22,25.512,1.375,4.016,9.854,21.134,43.312,332.724,2.787,283.265,46.655,17.0,94.092,2.935,66.496,21.306,10.0,540.571,6.167,301.063,233.173,168.0,77.292
,2020-01-01 00:00:00+00:00,8.0,22.26,20.992,94.3,2.226,899.0,495.0,832.0,295.0,537.0,520.453,2.963,175.298,45.035,4.049,5.514,22.932,207.849,622.501,896.782,6.633,760.616,129.516,17.0,494.518,7.131,240.813,102.77,2.049,2.838.307,10.698,1.612.027,1.188.489,27.093,61.504
,2020-01-01 00:00:00+00:00,22.0,23.742,17.118,72.1,7.562,2.711,793.0,4.058,2.462,1.596,822.756,6.702,139.514,102.653,20.455,17.131,5.427,57.043,304.23,1.878.000,29.223,1.761.978,85.1,1.699,419.502,8.989,298.047,27.739,15.134,1.976.089,24.198,1.580.358,294.383,77.151,210.252
,2020-01-01 00:00:00+00:00,42.0,32.171,26.143,81.26,6.347,2.409,780.0,3.158,1.905,1.253,538.049,7.939,138.324,58.073,16.789,14.692,10.074,137.518,381.385,1.804.587,26.564,1.697.613,72.531,7.879,485.528,10.941,388.451,26.618,3.297,1.781.953,27.65,1.508.796,227.892,17.615,235.809
.,2020-01-01 00:00:00+00:00,6.0,2.591,2.134,82.36,841.0,425.0,105.0,311.0,206.0,105.0,73.952,1.469,46.672,6.121,944.0,1.739,1.002,3.671,44.244,191.558,3.599,184.157,2.752,1.05,47.823,1.036,33.453,1.558,434.0,208.35,3.903,181.179,18.903,4.364,16.05
,2020-01-01 00:00:00+00:00,38.0,33.334,28.391,85.17,6.363,2.698,640.0,3.025,1.965,1.06,602.435,10.83,340.08,60.3,4.943,13.419,11.624,99.19,567.4,2.203.955,30.299,2.047.831,114.983,10.842,721.847,15.985,479.635,71.177,23.183,2.217.209,30.963,1.584.114,529.476,72.657,313.781
,2020-01-01 00:00:00+00:00,8.0,10.871,8.602,79.13,1.383,419.0,147.0,817.0,444.0,373.0,167.862,1.518,70.875,17.061,1.459,5.514,32.085,120.198,325.118,355.754,3.271,332.897,19.48,106.0,240.019,2.108,71.291,48.048,103.452,1.229.503,4.819,368.209,473.298,383.177,55.586
,2020-01-01 00:00:00+00:00,20.0,10.047,8.922,88.8,2.233,1.002,208.0,1.023,649.0,374.0,213.675,2.968,114.993,31.261,3.619,5.704,1.362,22.872,120.135,483.578,8.689,428.173,46.336,380.0,159.537,2.749,109.334,14.751,1.72,660.419,8.267,474.623,150.771,26.759,88.348
,2020-01-01 00:00:00+00:00,8.0,4.532,3.19,70.39,1.258,426.0,112.0,720.0,476.0,244.0,82.827,1.861,6.381,5.981,1.009,789.0,3.587,14.964,17.746,527.54,12.302,502.517,11.757,964.0,80.591,1.982,49.408,2.489,401.0,209.902,4.921,180.776,20.62,3.585,25.897
,2020-01-01 00:00:00+00:00,16.0,4.553,2.362,51.88,1.15,634.0,95.0,421.0,287.0,134.0,79.227,2.763,14.779,536.0,881.0,1.694,518.0,4.933,21.635,163.514,1.748,155.731,5.812,223.0,34.586,777.0,29.892,1.831,333.0,137.057,2.36,117.679,12.659,4.359,30.252
,2020-01-01 00:00:00+00:00,28.0,4.585,3.814,83.18,967.0,377.0,110.0,480.0,283.0,197.0,99.253,3.553,47.779,18.372,1.372,2.384,1.99,10.948,40.112,269.744,3.272,240.165,25.705,602.0,76.056,1.89,56.774,8.251,303.0,315.386,4.224,250.552,59.007,1.603,40.161
,2020-01-01 00:00:00+00:00,14.0,2.996,2.123,70.86,1.156,465.0,106.0,585.0,363.0,222.0,80.718,3.748,23.803,19.438,991.0,1.637,28.0,5.277,25.904,153.419,1.805,141.982,9.264,368.0,42.652,805.0,31.874,2.599,109.0,174.938,2.749,153.312,18.425,452.0,14.497
,2020-01-01 00:00:00+00:00,12.0,7.698,5.772,74.98,1.582,618.0,325.0,639.0,346.0,293.0,206.358,3.394,73.538,39.106,1.447,7.966,2.282,24.233,146.637,484.336,8.044,438.541,35.7,2.051,113.124,3.428,89.375,11.44,4.627,680.195,10.007,543.193,110.817,16.178,92.59
,2020-01-01 00:00:00+00:00,9.0,8.837,7.757,87.78,2.342,954.0,295.0,1.093,745.0,348.0,267.833,10.154,141.521,97.236,4.939,9.006,9.456,47.83,156.515,499.13,6.039,459.126,32.489,1.476,199.261,3.621,128.529,18.131,701.0,951.766,11.416,766.287,166.786,7.278,107.859
,2020-01-01 00:00:00+00:00,5.0,1.784,1.108,62.11,381.0,154.0,40.0,187.0,119.0,68.0,45.237,1.844,15.13,9.795,419.0,3.755,193.0,7.748,13.588,76.581,622.0,66.28,9.657,22.0,24.251,362.0,17.439,3.378,71.0,110.808,1.189,79.405,28.727,1.487,10.972
,2020-01-01 00:00:00+00:00,14.0,3.707,2.254,60.8,960.0,365.0,53.0,542.0,383.0,159.0,50.38,3.177,11.66,4.821,1.294,896.0,206.0,6.165,17.841,110.848,1.811,103.795,5.121,121.0,29.76,693.0,15.627,2.068,258.0,111.573,2.938,85.131,19.449,4.055,5.029
,2020-01-01 00:00:00+00:00,12.0,3.575,1.808,50.57,757.0,406.0,84.0,267.0,169.0,98.0,29.671,843.0,4.154,440.0,647.0,117.0,37.0,1.285,3.346,100.566,1.096,93.809,5.641,20.0,23.269,265.0,18.196,1.964,10.0,47.159,406.0,40.983,5.673,96.0,3.38
,2020-01-01 00:00:00+00:00,24.0,9.409,7.215,76.68,3.423,1.333,591.0,1.499,709.0,790.0,247.875,4.579,44.562,16.858,2.229,6.656,2.096,15.49,150.523,517.722,6.435,480.139,30.766,382.0,146.838,4.023,110.711,10.352,2.354,588.89,7.19,455.837,103.593,22.27,88.675
,2020-01-01 00:00:00+00:00,11.0,1.992,1.334,66.97,1.101,491.0,114.0,496.0,297.0,199.0,45.353,1.917,10.272,2.011,785.0,1.101,90.0,6.901,16.979,98.484,1.02,93.937,2.188,1.339,15.439,218.0,10.906,724.0,361.0,75.642,867.0,63.727,9.48,1.569,10.232
,2020-01-01 00:00:00+00:00,6.0,1.361,1.047,76.93,674.0,262.0,26.0,386.0,265.0,121.0,35.141,537.0,10.284,4.826,586.0,1.065,242.0,558.0,7.291,79.767,2.653,74.442,2.553,119.0,21.923,1.29,14.495,1.32,30.0,71.967,2.289,60.41,8.935,333.0,3.254
,2020-01-01 00:00:00+00:00,5.0,870.0,507.0,58.28,341.0,127.0,34.0,180.0,121.0,59.0,16.072,379.0,3.42,2.683,213.0,335.0,64.0,3.727,1.574,65.233,1.098,62.363,1.766,6.0,9.465,359.0,8.592,497.0,13.0,35.815,730.0,31.38,3.506,199.0,4.895
,2020-01-01 00:00:00+00:00,8.0,1.381,1.093,79.15,514.0,257.0,22.0,235.0,165.0,70.0,21.277,2.172,4.079,11.0,443.0,323.0,58.0,1.138,9.566,59.513,637.0,55.991,2.645,240.0,9.618,156.0,8.313,631.0,103.0,53.093,727.0,46.252,4.949,1.166,7.381
,2020-01-01 00:00:00+00:00,8.0,1.627,1.488,91.46,570.0,273.0,40.0,257.0,181.0,76.0,33.531,1.235,24.166,548.0,368.0,654.0,530.0,557.0,39.434,90.014,1.619,83.328,4.499,568.0,28.191,783.0,18.171,1.486,155.0,92.439,2.255,82.962,6.758,464.0,6.699
,2020-01-01 00:00:00+00:00,7.0,1.776,1.405,79.11,358.0,150.0,27.0,181.0,128.0,53.0,40.207,1.215,4.847,269.0,858.0,759.0,719.0,2.99,11.815,71.999,1.186,66.329,4.463,21.0,20.698,1.105,15.49,1.574,115.0,86.618,3.646,69.917,11.226,1.83,11.236
,2021-01-01 00:00:00+00:00,19.0,4.441,3.332,75.03,1.481,754.0,175.0,552.0,345.0,207.0,91.739,899.0,27.288,11.558,976.0,2.598,715.0,3.499,28.375,218.367,2.257,194.382,20.907,821.0,54.456,1.262,38.055,3.221,964.0,155.402,3.198,130.379,17.588,4.237,20.044
,2021-01-01 00:00:00+00:00,41.0,14.336,12.854,89.66,3.922,999.0,508.0,2.415,1.476,939.0,287.801,2.876,129.714,39.216,17.916,8.319,1.632,23.703,129.296,902.348,10.13,813.64,77.731,847.0,321.041,11.114,263.195,31.91,845.0,952.824,11.611,774.272,160.785,6.157,80.129
,2021-01-01 00:00:00+00:00,18.0,6.96,5.437,78.12,1.612,669.0,235.0,708.0,407.0,301.0,116.716,4.757,13.942,9.865,1.949,2.855,4.839,5.841,78.485,601.629,4.783,575.531,19.45,1.865,105.405,2.623,90.431,6.852,1.348,367.149,4.73,307.932,48.655,5.831,45.243
,2021-01-01 00:00:00+00:00,26.0,2.512,1.576,62.74,1.078,543.0,81.0,454.0,249.0,205.0,39.655,10.238,8.547,16.827,397.0,524.0,111.0,4.069,11.906,89.508,980.0,77.35,11.047,131.0,18.547,433.0,14.844,3.193,77.0,88.4,1.149,67.337,19.621,293.0,17.838
,2021-01-01 00:00:00+00:00,11.0,4.855,3.111,64.08,1.263,468.0,153.0,642.0,451.0,191.0,82.653,1.287,48.264,14.141,1.075,1.787,338.0,3.892,10.868,974.113,6.896,949.529,17.525,163.0,49.333,1.046,37.864,4.265,518.0,203.887,3.291,164.862,30.787,4.947,37.504
,2021-01-01 00:00:00+00:00,18.0,10.193,8.735,85.7,2.62,1.006,453.0,1.161,711.0,450.0,219.897,2.288,52.434,35.704,6.501,2.049,827.0,12.282,49.823,889.4,14.13,815.881,56.811,2.578,197.289,3.228,140.927,19.805,192.0,675.702,6.475,515.105,151.85,2.272,64.779
,2021-01-01 00:00:00+00:00,9.0,1.779,1.468,82.52,599.0,271.0,38.0,290.0,198.0,92.0,35.64,895.0,11.814,3.201,532.0,443.0,209.0,10.777,2.755,90.696,1.154,85.217,4.321,4.0,24.848,458.0,16.224,1.016,45.0,78.735,890.0,69.441,7.144,1.26,7.404
,2021-01-01 00:00:00+00:00,44.0,2.043,1.481,72.49,656.0,247.0,30.0,379.0,260.0,119.0,33.187,983.0,3.535,2.703,209.0,756.0,11.0,12.888,28.698,85.97,1.279,79.548,4.697,446.0,18.232,389.0,14.26,1.571,857.0,86.171,1.201,64.396,13.087,7.487,5.181
,2021-01-01 00:00:00+00:00,7.0,1.118,1.072,95.89,325.0,112.0,37.0,176.0,105.0,71.0,21.741,568.0,8.109,1.721,598.0,418.0,345.0,1.934,6.353,33.007,380.0,31.569,1.033,25.0,8.211,105.0,6.318,340.0,16.0,41.515,467.0,37.127,3.628,293.0,3.748
,2021-01-01 00:00:00+00:00,14.0,5.042,4.468,88.62,876.0,362.0,110.0,404.0,226.0,178.0,113.672,2.037,76.23,25.582,1.391,4.084,9.959,21.92,43.442,333.392,2.814,283.945,46.613,20.0,95.069,2.962,66.963,21.333,8.0,542.306,6.222,302.454,233.551,80.0,77.085
,2021-01-01 00:00:00+00:00,8.0,22.26,21.118,94.87,2.21,792.0,428.0,990.0,376.0,614.0,505.483,3.228,177.405,39.004,3.246,4.787,17.093,185.771,616.635,918.369,6.762,781.13,130.466,11.0,495.417,6.941,238.139,101.341,1.456,2.787.583,10.322,1.586.839,1.171.216,19.206,68.917
,2021-01-01 00:00:00+00:00,22.0,24.57,17.777,72.35,7.738,2.572,762.0,4.404,2.695,1.709,827.112,7.261,123.388,107.57,20.102,11.812,6.022,51.451,450.813,2.005.845,29.588,1.881.290,93.197,1.77,413.526,9.649,302.344,28.119,11.976,2.288.922,25.873,1.883.389,319.644,60.015,198.96
,2021-01-01 00:00:00+00:00,42.0,33.405,26.713,79.97,6.628,2.708,863.0,3.057,1.511,1.546,585.403,9.535,115.031,50.203,16.354,14.947,12.795,126.34,334.881,1.867.464,30.04,1.755.302,73.586,8.536,511.207,14.511,381.269,26.087,4.277,1.856.522,28.13,1.570.262,238.401,19.73,273.287
.,2021-01-01 00:00:00+00:00,6.0,2.84,2.176,76.62,838.0,419.0,89.0,330.0,215.0,115.0,76.532,1.361,48.3,7.115,806.0,1.227,1.041,7.38,42.013,207.261,3.569,199.573,2.854,1.265,48.303,882.0,34.106,1.576,474.0,211.413,3.329,185.871,18.19,4.023,12.472
,2021-01-01 00:00:00+00:00,38.0,31.543,27.266,86.44,6.444,2.879,673.0,2.892,1.903,989.0,547.583,10.73,340.138,59.795,4.732,6.785,12.819,83.199,572.897,2.377.295,33.718,2.213.190,119.64,10.747,737.083,16.423,469.407,68.659,24.513,2.238.433,32.305,1.586.025,537.892,82.212,244.025
,2021-01-01 00:00:00+00:00,8.0,11.376,9.025,79.33,1.365,407.0,179.0,779.0,415.0,364.0,163.351,1.683,71.402,22.368,1.555,5.571,32.605,151.621,325.345,386.443,3.439,360.591,22.3,113.0,236.878,1.617,78.18,49.263,105.272,1.241.868,4.431,401.27,480.805,355.362,34.811
,2021-01-01 00:00:00+00:00,20.0,9.343,7.798,83.46,2.214,989.0,204.0,1.021,661.0,360.0,208.239,2.879,107.913,23.493,2.501,5.311,1.891,22.217,118.906,487.796,8.933,431.976,46.15,737.0,145.65,2.454,104.733,12.531,1.252,617.711,7.515,466.322,127.957,15.917,94.925
,2021-01-01 00:00:00+00:00,8.0,4.607,3.713,80.59,1.172,385.0,114.0,673.0,459.0,214.0,83.37,1.565,7.196,5.934,862.0,420.0,1.969,17.057,16.947,531.505,13.233,504.736,12.505,1.031,83.671,1.874,49.608,2.216,828.0,209.215,4.771,180.653,19.471,4.32,23.361
,2021-01-01 00:00:00+00:00,16.0,4.648,2.695,57.98,1.205,625.0,116.0,464.0,287.0,177.0,78.736,2.56,10.717,547.0,636.0,1.428,488.0,2.391,22.575,167.028,1.906,159.178,5.762,182.0,34.016,852.0,27.79,2.056,347.0,145.657,2.458,121.777,15.205,6.218,25.999
,2021-01-01 00:00:00+00:00,28.0,4.685,3.93,83.88,1.002,383.0,149.0,470.0,273.0,197.0,91.103,3.52,48.664,22.859,928.0,2.744,3.634,11.461,41.917,270.449,3.332,239.654,26.827,636.0,75.795,2.224,57.307,9.961,288.0,326.972,4.946,247.643,72.929,1.454,41.123
,2021-01-01 00:00:00+00:00,14.0,3.131,2.252,71.93,1.266,493.0,152.0,621.0,407.0,214.0,98.994,2.742,27.597,20.633,641.0,3.267,146.0,3.035,26.756,162.745,1.821,147.895,10.766,2.263,45.902,769.0,32.971,2.98,200.0,187.136,3.049,161.577,21.773,737.0,10.563
,2021-01-01 00:00:00+00:00,12.0,7.938,6.149,77.46,1.481,527.0,291.0,663.0,377.0,286.0,215.326,3.655,77.49,38.26,1.439,8.278,4.41,30.342,125.55,502.409,8.822,454.81,36.253,2.524,115.242,3.576,90.596,11.546,4.791,675.821,11.257,536.233,112.139,16.192,55.108
,2021-01-01 00:00:00+00:00,9.0,8.786,7.81,88.89,2.38,960.0,273.0,1.147,775.0,372.0,280.843,9.983,144.292,96.342,4.919,7.795,11.053,57.539,124.296,518.79,6.372,477.754,34.007,657.0,200.771,3.9,127.893,18.807,1.116,962.707,12.13,768.219,168.514,13.845,93.765
,2021-01-01 00:00:00+00:00,5.0,1.655,1.266,76.5,398.0,147.0,53.0,198.0,122.0,76.0,48.122,1.401,17.509,7.885,411.0,255.0,280.0,6.524,10.701,84.784,689.0,73.554,10.52,21.0,28.384,413.0,18.657,3.459,225.0,126.461,1.452,89.428,32.703,2.878,10.048
,2021-01-01 00:00:00+00:00,16.0,3.824,2.333,61.01,1.249,460.0,73.0,716.0,511.0,205.0,58.24,1.941,14.638,4.019,1.239,860.0,205.0,2.427,13.896,110.067,1.555,103.385,4.736,391.0,32.054,566.0,15.646,1.925,350.0,122.915,2.861,97.112,18.038,4.904,7.596
,2021-01-01 00:00:00+00:00,11.0,4.063,1.89,46.52,719.0,381.0,73.0,265.0,150.0,115.0,24.639,656.0,4.223,523.0,334.0,204.0,49.0,1.191,4.123,106.696,1.246,99.854,5.548,48.0,21.051,266.0,18.626,1.591,35.0,50.926,431.0,44.471,5.752,272.0,4.877
,2021-01-01 00:00:00+00:00,24.0,9.503,7.533,79.27,3.328,1.355,673.0,1.3,537.0,763.0,232.741,4.036,45.207,18.092,2.162,2.443,3.685,16.491,160.94,544.457,5.968,504.287,32.466,1.736,149.5,3.822,114.13,11.331,1.579,598.174,7.126,468.385,108.336,14.327,54.314
,2021-01-01 00:00:00+00:00,11.0,1.981,1.39,70.17,1.048,470.0,137.0,441.0,242.0,199.0,49.784,1.384,11.577,1.553,364.0,736.0,152.0,3.883,17.899,101.23,979.0,96.271,2.295,1.685,17.519,216.0,11.016,734.0,356.0,83.13,889.0,70.301,9.827,2.113,7.093
,2021-01-01 00:00:00+00:00,6.0,1.405,1.097,78.08,645.0,245.0,42.0,358.0,242.0,116.0,39.915,506.0,8.318,4.819,312.0,513.0,119.0,869.0,9.019,87.662,1.987,82.757,2.645,273.0,20.553,1.04,12.628,1.236,181.0,67.407,2.113,56.052,8.189,1.053,3.249
,2021-01-01 00:00:00+00:00,5.0,959.0,523.0,54.54,338.0,193.0,51.0,94.0,52.0,42.0,12.767,372.0,3.133,2.649,315.0,272.0,69.0,3.706,2.009,65.726,1.125,62.756,1.839,6.0,9.292,373.0,8.455,443.0,16.0,33.73,644.0,30.117,2.814,154.0,2.924
,2021-01-01 00:00:00+00:00,8.0,1.399,1.114,79.63,493.0,216.0,39.0,238.0,171.0,67.0,23.694,2.953,4.955,10.0,453.0,310.0,164.0,1.421,9.837,59.78,686.0,56.154,2.746,194.0,10.034,162.0,8.356,660.0,161.0,53.96,755.0,45.903,5.465,1.835,6.055
,2021-01-01 00:00:00+00:00,8.0,1.745,1.669,95.64,535.0,275.0,48.0,212.0,156.0,56.0,37.206,1.184,20.011,401.0,513.0,422.0,97.0,905.0,36.78,91.081,1.221,85.819,4.004,37.0,25.824,611.0,21.326,1.435,39.0,87.89,1.962,78.421,7.168,340.0,5.288
,2021-01-01 00:00:00+00:00,7.0,1.878,898.0,47.82,343.0,145.0,33.0,165.0,115.0,50.0,37.879,1.321,4.692,262.0,862.0,1.357,710.0,2.628,11.305,72.221,1.168,66.464,4.479,110.0,20.127,991.0,15.163,1.274,162.0,82.611,3.318,67.094,9.272,2.927,8.672
,2022-01-01 00:00:00+00:00,19.0,4.394,3.591,81.73,1.466,667.0,164.0,635.0,430.0,205.0,102.208,974.0,30.164,11.558,931.0,2.228,874.0,3.874,28.711,231.301,2.553,205.433,22.741,574.0,56.135,1.294,38.785,3.398,1.076,162.298,3.907,134.093,19.424,4.874,19.819
,2022-01-01 00:00:00+00:00,41.0,14.27,12.959,90.81,3.824,1.144,542.0,2.138,1.223,915.0,278.632,2.889,133.526,39.216,18.103,8.411,1.437,25.461,132.219,939.665,10.003,849.019,79.959,684.0,331.779,12.265,262.993,32.03,789.0,926.49,14.958,741.703,164.924,4.905,71.455
,2022-01-01 00:00:00+00:00,18.0,7.171,5.367,74.84,1.633,579.0,219.0,835.0,427.0,408.0,116.154,4.98,15.658,9.865,1.811,2.363,5.806,5.302,83.696,607.966,4.786,581.343,20.296,1.541,107.687,2.793,80.553,7.538,1.462,336.313,4.73,271.899,54.06,5.624,41.874
,2022-01-01 00:00:00+00:00,26.0,2.583,1.584,61.32,1.065,517.0,93.0,455.0,249.0,206.0,42.332,10.038,8.761,16.827,390.0,494.0,240.0,3.18,12.052,92.944,992.0,80.512,11.309,131.0,20.035,449.0,15.757,3.707,72.0,96.229,1.253,72.546,22.206,223.0,17.739
,2022-01-01 00:00:00+00:00,11.0,4.999,3.23,64.61,1.312,492.0,133.0,687.0,487.0,200.0,92.439,1.379,47.441,14.141,1.055,1.481,200.0,3.162,10.257,960.149,6.442,934.949,18.602,156.0,60.647,1.192,43.601,4.34,391.0,238.651,3.616,197.47,33.021,4.544,42.005
,2022-01-01 00:00:00+00:00,18.0,10.513,9.204,87.55,2.63,903.0,472.0,1.255,772.0,483.0,206.734,2.312,52.456,35.704,6.204,2.681,874.0,11.89,50.513,876.978,13.9,801.943,58.466,2.669,196.25,2.85,136.657,20.118,178.0,683.746,5.091,513.282,163.644,1.73,65.374
,2022-01-01 00:00:00+00:00,9.0,1.899,1.516,79.83,618.0,244.0,47.0,327.0,230.0,97.0,37.846,1.06,12.563,3.201,623.0,400.0,209.0,10.274,3.395,92.78,1.174,87.039,4.563,4.0,25.469,489.0,16.983,1.086,45.0,81.156,953.0,71.296,7.544,1.363,9.157
,2022-01-01 00:00:00+00:00,44.0,1.892,1.444,76.32,616.0,261.0,92.0,263.0,192.0,71.0,33.797,1.078,3.827,2.703,219.0,827.0,19.0,12.179,30.667,91.277,1.217,84.805,4.838,417.0,19.188,400.0,15.14,1.666,916.0,93.885,1.255,70.842,13.553,8.234,5.737
,2022-01-01 00:00:00+00:00,7.0,1.118,1.069,95.62,328.0,106.0,44.0,178.0,102.0,76.0,20.57,549.0,8.143,1.721,615.0,485.0,340.0,2.584,6.614,34.673,389.0,33.062,1.19,32.0,7.871,106.0,6.523,362.0,14.0,43.954,468.0,39.412,3.887,187.0,3.281
,2022-01-01 00:00:00+00:00,14.0,4.847,4.248,87.64,890.0,347.0,113.0,430.0,240.0,190.0,114.613,1.87,76.799,25.582,1.448,3.868,9.763,21.008,44.498,334.543,2.882,284.904,46.733,24.0,95.179,3.046,67.483,21.491,10.0,545.739,6.454,304.289,234.921,75.0,76.867
,2022-01-01 00:00:00+00:00,7.0,20.967,20.253,96.59,2.067,746.0,426.0,895.0,327.0,568.0,472.96,3.024,172.372,39.004,3.995,4.475,16.428,138.58,608.112,969.512,6.41,831.17,131.921,11.0,507.981,6.591,266.29,97.489,1.456,2.950.367,9.744,1.797.839,1.123.577,19.206,69.004
,2022-01-01 00:00:00+00:00,22.0,24.428,19.182,78.52,7.675,2.468,761.0,4.446,2.74,1.706,825.085,7.224,119.426,107.57,19.678,14.592,6.149,50.91,448.46,2.034.772,28.239,1.907.467,97.547,1.519,429.705,9.384,312.851,29.242,12.182,2.547.504,27.504,2.101.353,354.753,63.893,194.44
,2022-01-01 00:00:00+00:00,42.0,35.605,27.341,76.79,6.826,2.601,1.013,3.212,1.656,1.556,593.381,10.475,119.934,50.203,15.985,14.309,11.493,104.456,392.044,1.941.552,31.105,1.823.505,77.036,9.906,520.152,14.15,382.707,27.16,4.824,1.941.261,29.863,1.631.587,255.668,24.143,228.198
.,2022-01-01 00:00:00+00:00,6.0,2.793,2.318,82.99,869.0,389.0,77.0,403.0,268.0,135.0,79.08,1.575,49.119,7.115,1.09,1.357,1.089,9.778,42.612,215.962,3.672,207.865,3.004,1.421,50.153,969.0,35.971,1.699,573.0,227.541,3.796,199.107,21.178,3.459,15.983
,2022-01-01 00:00:00+00:00,38.0,31.495,27.33,86.78,6.476,2.644,741.0,3.091,1.988,1.103,584.839,11.959,350.957,59.795,5.058,8.135,10.916,92.31,599.538,2.422.452,34.706,2.254.753,122.549,10.444,742.968,16.706,472.585,72.297,19.577,2.318.402,32.836,1.634.315,567.729,83.522,244.367
,2022-01-01 00:00:00+00:00,9.0,11.954,9.712,81.24,1.439,371.0,158.0,910.0,504.0,406.0,188.643,1.859,69.421,22.368,1.705,6.242,33.251,191.617,325.168,384.725,3.444,358.913,22.265,103.0,247.608,1.636,86.459,49.242,105.269,1.339.461,4.504,498.858,480.748,355.351,34.218
,2022-01-01 00:00:00+00:00,20.0,9.254,7.99,86.34,2.229,1.058,194.0,977.0,744.0,233.0,219.016,3.211,111.989,23.493,2.519,6.838,2.003,35.233,121.356,488.13,8.779,433.196,45.556,599.0,147.862,2.381,103.549,12.539,1.175,629.845,8.306,476.862,128.157,16.52,86.984
,2022-01-01 00:00:00+00:00,8.0,4.453,3.35,75.23,1.267,482.0,194.0,591.0,400.0,191.0,93.677,1.531,7.176,5.934,818.0,362.0,2.084,17.637,16.807,553.75,10.483,529.01,13.243,1.014,81.898,1.749,54.289,2.432,740.0,246.721,4.982,215.639,21.526,4.574,20.559
,2022-01-01 00:00:00+00:00,16.0,4.711,2.77,58.8,1.172,625.0,92.0,455.0,290.0,165.0,78.238,2.728,11.931,547.0,672.0,1.28,236.0,5.495,25.436,175.33,1.913,167.496,5.703,218.0,36.763,890.0,28.358,2.167,310.0,154.599,2.686,130.31,15.399,6.204,26.761
,2022-01-01 00:00:00+00:00,28.0,4.736,4.012,84.71,1.012,372.0,121.0,519.0,570.0,255.0,97.166,3.577,49.668,22.859,880.0,1.947,3.589,8.785,43.276,284.275,3.54,252.327,27.702,706.0,92.994,2.185,58.913,8.554,290.0,342.82,5.075,271.384,64.577,1.785,41.052
,2022-01-01 00:00:00+00:00,14.0,3.075,2.183,70.99,1.125,437.0,118.0,570.0,1.183,233.0,92.438,2.57,24.437,20.633,708.0,3.369,101.0,3.586,24.905,167.861,1.831,152.808,11.02,2.202,47.79,806.0,33.051,3.154,204.0,190.281,3.173,163.64,22.786,682.0,11.894
,2022-01-01 00:00:00+00:00,12.0,7.75,6.19,79.87,1.526,620.0,324.0,582.0,432.0,278.0,210.396,3.812,79.656,38.26,1.678,8.226,5.174,30.097,146.443,519.319,9.18,467.564,40.442,2.133,128.755,3.634,92.781,12.339,5.09,751.991,11.915,599.329,121.38,19.367,56.997
,2022-01-01 00:00:00+00:00,9.0,8.951,8.319,92.94,2.279,985.0,340.0,954.0,247.0,320.0,279.725,10.772,156.903,96.342,4.864,6.898,8.672,60.572,128.917,544.482,6.689,504.72,32.411,662.0,211.566,3.467,135.757,18.406,1.167,1.045.336,11.478,849.572,169.779,14.507,110.772
,2022-01-01 00:00:00+00:00,5.0,1.655,1.212,73.23,415.0,171.0,52.0,192.0,528.0,89.0,53.255,1.439,17.751,7.885,423.0,3.709,128.0,7.566,11.214,92.096,730.0,80.209,11.131,26.0,34.615,460.0,19.64,3.652,180.0,145.779,1.68,106.965,34.856,2.279,10.715
,2022-01-01 00:00:00+00:00,16.0,3.373,2.122,62.91,1.091,535.0,119.0,437.0,712.0,104.0,59.575,1.927,14.915,4.019,1.238,677.0,205.0,2.344,16.807,111.56,1.618,104.135,5.382,425.0,24.02,636.0,16.338,2.253,357.0,130.832,3.304,101.709,20.992,4.827,8.553
,2022-01-01 00:00:00+00:00,11.0,4.0,1.928,48.2,677.0,365.0,38.0,274.0,186.0,134.0,23.465,614.0,4.168,523.0,405.0,165.0,53.0,1.489,4.028,109.783,1.17,102.549,6.012,52.0,21.357,256.0,18.443,1.721,30.0,52.491,479.0,45.548,6.194,270.0,4.855
,2022-01-01 00:00:00+00:00,24.0,9.769,7.815,80.0,3.394,1.45,744.0,1.2,239.0,695.0,231.092,3.835,45.341,18.092,2.553,3.622,3.855,18.612,161.056,546.366,6.053,505.558,33.167,1.588,149.108,4.047,115.589,11.495,1.544,614.356,7.941,482.197,111.434,12.784,66.372
,2022-01-01 00:00:00+00:00,11.0,2.067,1.478,71.5,1.036,443.0,128.0,465.0,102.0,207.0,48.15,1.401,11.573,1.553,499.0,624.0,153.0,3.961,17.841,101.721,1.008,97.036,2.012,1.665,16.885,234.0,10.927,706.0,396.0,82.193,996.0,69.412,9.108,2.678,6.254
,2022-01-01 00:00:00+00:00,6.0,1.483,1.075,72.49,648.0,200.0,23.0,425.0,217.0,128.0,40.945,517.0,7.906,4.819,427.0,327.0,78.0,849.0,8.323,88.867,2.094,83.742,2.76,271.0,22.172,1.104,12.767,1.252,173.0,70.233,2.342,58.45,8.475,966.0,3.12
,2022-01-01 00:00:00+00:00,5.0,811.0,486.0,59.93,347.0,193.0,57.0,97.0,327.0,44.0,12.588,350.0,3.526,2.649,210.0,303.0,68.0,3.706,2.01,69.385,1.136,66.252,1.991,6.0,10.012,372.0,8.555,497.0,16.0,34.968,681.0,30.784,3.323,180.0,2.441
,2022-01-01 00:00:00+00:00,8.0,1.54,1.186,77.01,507.0,213.0,41.0,253.0,2.642,73.0,23.192,3.062,5.188,10.0,453.0,272.0,517.0,1.741,10.72,61.082,789.0,57.298,2.799,196.0,10.386,189.0,8.264,642.0,205.0,54.276,883.0,45.933,5.506,1.954,5.584
,2022-01-01 00:00:00+00:00,8.0,1.808,1.618,89.49,572.0,246.0,44.0,282.0,1.558,68.0,37.834,1.188,20.199,401.0,708.0,656.0,129.0,1.659,36.915,93.577,1.179,88.13,4.242,26.0,24.787,608.0,21.709,1.412,37.0,91.084,1.963,81.505,7.266,350.0,4.758
,2022-01-01 00:00:00+00:00,6.0,1.66,846.0,50.96,340.0,155.0,35.0,150.0,314.0,47.0,35.852,1.405,4.711,262.0,837.0,1.335,889.0,2.209,11.392,75.156,1.089,69.898,4.069,100.0,19.637,1.082,14.554,1.338,144.0,87.688,3.727,71.568,9.467,2.926,7.895
,2023-01-01 00:00:00+00:00,21.0,5.084,4.041,79.48,1.683,620.0,165.0,898.0,246.0,328.0,139.095,1.06,34.579,15.655,1.103,2.33,845.0,4.729,36.97,335.881,3.933,294.613,36.461,874.0,76.182,1.865,51.169,4.172,937.0,232.126,5.647,196.604,25.537,4.338,21.542
,2023-01-01 00:00:00+00:00,41.0,14.078,12.604,89.53,3.915,1.242,597.0,2.076,323.0,893.0,286.622,3.094,132.593,43.825,18.174,9.188,1.597,29.691,137.368,939.782,9.346,838.949,90.943,544.0,347.335,11.314,251.107,33.728,1.575,930.848,14.529,722.955,185.221,8.144,58.752
,2023-01-01 00:00:00+00:00,18.0,7.417,5.728,77.23,1.696,652.0,219.0,825.0,259.0,393.0,129.989,5.731,15.689,9.526,1.43,1.863,6.066,5.798,80.976,613.417,4.241,585.362,22.524,1.29,108.988,2.441,85.411,8.646,1.11,394.351,4.335,325.289,60.157,4.57,46.092
,2023-01-01 00:00:00+00:00,26.0,2.716,1.746,64.29,992.0,463.0,74.0,455.0,620.0,208.0,46.243,11.498,10.055,19.995,492.0,658.0,200.0,3.18,11.805,98.574,1.078,85.589,11.777,130.0,21.458,472.0,15.666,3.844,71.0,102.354,1.503,76.033,24.608,209.0,19.454
,2023-01-01 00:00:00+00:00,11.0,4.931,3.156,64.0,1.335,459.0,147.0,729.0,92.0,201.0,97.568,1.387,50.313,16.464,1.139,1.388,642.0,4.135,13.39,1.049.011,6.622,1.022.377,19.546,466.0,62.874,1.383,45.515,3.939,344.0,276.462,4.671,236.781,30.743,4.266,43.718
,2023-01-01 00:00:00+00:00,18.0,10.889,9.364,86.0,2.675,1.024,519.0,1.132,397.0,420.0,209.177,2.328,52.515,43.378,5.909,2.031,525.0,13.575,47.442,871.651,13.838,795.467,60.975,1.371,209.103,2.872,144.941,20.667,179.0,745.679,5.718,568.833,169.23,1.898,73.678
,2023-01-01 00:00:00+00:00,9.0,1.719,1.351,78.59,672.0,339.0,49.0,284.0,177.0,98.0,43.568,1.243,12.414,3.614,709.0,599.0,200.0,9.975,4.73,100.772,1.176,93.806,5.515,275.0,26.155,499.0,17.124,1.229,56.0,89.939,1.061,77.804,9.527,1.547,11.097
,2023-01-01 00:00:00+00:00,44.0,1.951,1.516,77.7,620.0,209.0,38.0,373.0,591.0,134.0,33.616,1.197,3.693,3.556,364.0,1.35,117.0,11.073,32.047,92.604,1.259,86.106,4.92,319.0,20.162,412.0,15.452,1.646,569.0,101.53,1.37,78.449,13.806,7.905,6.383
,2023-01-01 00:00:00+00:00,7.0,1.208,1.12,92.72,341.0,114.0,44.0,183.0,267.0,81.0,22.181,657.0,8.755,1.722,720.0,579.0,363.0,2.291,9.852,36.759,394.0,34.904,1.417,44.0,9.154,111.0,6.797,416.0,34.0,51.402,509.0,45.91,4.451,532.0,3.885
,2023-01-01 00:00:00+00:00,13.0,4.734,4.169,88.07,890.0,371.0,119.0,400.0,203.0,183.0,115.239,1.903,78.236,25.798,1.534,3.995,9.891,25.847,44.438,362.609,3.103,309.117,50.362,27.0,98.391,3.864,67.735,22.854,5.0,556.7,8.105,300.182,248.36,54.0,70.047
,2023-01-01 00:00:00+00:00,5.0,20.302,19.588,96.48,2.069,748.0,426.0,895.0,82.0,568.0,474.754,3.085,178.463,37.39,3.95,4.306,18.431,138.58,607.198,969.676,5.917,829.093,134.655,11.0,520.911,6.084,264.661,112.555,1.456,3.129.444,8.464,1.786.417,1.315.357,19.206,68.589
,2023-01-01 00:00:00+00:00,24.0,25.055,19.547,78.02,7.768,2.57,841.0,4.357,160.0,1.715,871.766,8.199,121.927,112.731,19.962,15.043,10.214,63.622,468.997,2.178.409,38.097,2.038.544,97.85,3.918,473.491,10.094,326.819,33.711,13.73,2.954.169,31.36,2.386.952,446.999,88.857,203.725
,2023-01-01 00:00:00+00:00,42.0,34.606,26.622,76.93,6.598,2.545,943.0,3.11,206.0,1.552,627.345,11.711,140.055,47.115,15.482,14.706,13.77,160.349,389.237,2.018.573,29.691,1.895.821,81.349,11.712,549.471,12.844,406.739,28.966,7.702,2.165.651,31.891,1.815.010,288.822,29.927,230.235
.,2023-01-01 00:00:00+00:00,6.0,2.786,2.333,83.74,840.0,419.0,78.0,343.0,21.0,135.0,78.066,1.829,51.512,7.278,906.0,1.182,816.0,3.288,38.538,227.576,3.889,218.879,3.278,1.53,50.923,1.084,38.172,1.98,762.0,253.138,4.468,215.837,25.353,7.479,19.59
,2023-01-01 00:00:00+00:00,38.0,33.231,28.003,84.27,6.28,2.521,588.0,3.171,206.0,1.249,603.692,14.078,356.902,64.76,5.23,11.347,10.572,84.409,577.286,2.508.642,37.042,2.334.744,125.579,11.277,778.124,18.063,483.09,73.812,18.141,2.564.829,35.725,1.823.075,580.829,125.2,266.081
,2023-01-01 00:00:00+00:00,9.0,12.093,10.415,86.12,1.48,323.0,297.0,860.0,76.0,546.0,198.256,1.931,71.679,22.656,2.283,7.55,33.524,192.051,326.516,413.699,3.26,385.143,24.903,393.0,267.597,1.764,78.18,60.309,117.95,1.479.378,4.909,450.996,578.114,445.359,36.94
,2023-01-01 00:00:00+00:00,20.0,8.955,7.853,87.69,2.172,960.0,196.0,1.016,206.0,244.0,244.113,3.811,113.247,25.377,2.92,7.748,1.943,43.904,153.006,505.65,9.512,444.752,50.975,411.0,154.099,2.716,104.122,14.975,650.0,696.812,10.63,512.265,161.803,12.115,94.937
,2023-01-01 00:00:00+00:00,8.0,4.535,3.494,77.05,1.281,514.0,139.0,628.0,206.0,207.0,87.64,1.302,6.51,5.39,879.0,1.721,2.799,16.331,19.405,578.193,10.717,554.09,12.6,786.0,72.434,1.747,52.135,2.528,785.0,259.811,5.115,224.357,23.66,6.678,20.962
,2023-01-01 00:00:00+00:00,16.0,4.659,2.765,59.35,1.238,577.0,128.0,533.0,206.0,186.0,78.715,2.613,11.392,691.0,538.0,1.059,297.0,2.57,20.375,171.209,1.76,163.824,5.44,185.0,33.389,754.0,28.221,2.008,283.0,155.641,2.212,134.891,14.122,4.416,26.108
,2023-01-01 00:00:00+00:00,28.0,4.96,4.206,84.8,1.022,383.0,148.0,491.0,246.0,245.0,92.699,3.565,50.222,25.829,974.0,2.424,3.965,11.124,47.705,304.308,3.932,267.379,32.34,657.0,98.04,2.648,61.223,10.081,309.0,381.195,5.621,292.208,81.654,1.712,46.861
,2023-01-01 00:00:00+00:00,14.0,3.152,2.262,71.76,1.071,399.0,135.0,537.0,323.0,214.0,92.687,2.75,25.239,18.404,859.0,3.454,144.0,4.975,28.666,172.161,2.184,156.687,11.911,1.379,57.34,993.0,35.839,3.809,312.0,239.276,4.111,204.808,28.965,1.392,13.73
,2023-01-01 00:00:00+00:00,12.0,7.84,6.377,81.34,1.484,584.0,342.0,558.0,259.0,299.0,206.473,4.456,81.532,46.283,1.344,7.942,7.897,33.603,158.521,533.146,9.796,479.839,41.403,2.108,149.899,3.77,93.383,13.266,2.192,828.439,11.977,662.823,142.878,10.762,75.219
,2023-01-01 00:00:00+00:00,9.0,10.346,9.231,89.22,2.216,945.0,304.0,967.0,620.0,347.0,313.7,11.457,162.14,116.581,5.244,10.069,8.629,56.851,151.788,569.897,7.076,526.182,35.975,664.0,241.447,3.716,144.233,19.844,983.0,1.166.507,13.47,950.547,190.178,12.312,119.399
,2023-01-01 00:00:00+00:00,5.0,1.742,1.326,76.12,383.0,159.0,41.0,183.0,92.0,91.0,58.342,1.641,19.004,10.713,425.0,4.156,184.0,7.865,15.98,93.657,848.0,81.382,11.418,9.0,35.457,582.0,20.622,4.071,160.0,160.764,2.193,116.469,40.234,1.868,13.412
,2023-01-01 00:00:00+00:00,18.0,4.479,2.873,64.14,1.201,551.0,100.0,550.0,397.0,153.0,71.164,1.964,17.387,3.793,827.0,578.0,319.0,2.783,13.392,119.578,1.972,111.39,5.94,276.0,28.05,668.0,15.421,2.511,191.0,129.844,3.545,98.496,24.145,3.657,10.829
,2023-01-01 00:00:00+00:00,11.0,4.022,1.978,49.18,720.0,355.0,41.0,324.0,177.0,147.0,27.716,709.0,4.475,525.0,475.0,255.0,34.0,1.027,4.075,109.117,1.19,101.487,6.381,59.0,23.333,252.0,20.636,2.008,26.0,52.016,526.0,44.339,6.92,231.0,4.556
,2023-01-01 00:00:00+00:00,24.0,9.916,8.003,80.71,3.594,1.586,651.0,1.357,591.0,766.0,245.441,4.413,45.971,22.353,2.418,3.758,4.972,18.353,182.607,562.257,6.194,515.908,38.566,1.589,168.942,4.382,123.105,12.863,3.151,692.62,8.679,520.554,132.076,31.31,67.549
,2023-01-01 00:00:00+00:00,12.0,1.348,1.041,77.23,1.06,447.0,130.0,483.0,267.0,216.0,53.251,1.202,10.657,1.183,732.0,622.0,233.0,4.902,16.258,106.81,1.008,102.201,2.356,1.245,15.551,258.0,11.18,747.0,416.0,83.465,1.16,69.502,9.576,3.227,5.317
,2023-01-01 00:00:00+00:00,6.0,1.55,1.14,73.55,642.0,221.0,54.0,367.0,203.0,164.0,39.065,570.0,7.894,4.757,283.0,346.0,14.0,846.0,11.94,79.007,1.769,74.507,2.615,116.0,22.094,1.057,11.644,1.232,106.0,66.608,1.95,55.74,8.08,838.0,3.171
,2023-01-01 00:00:00+00:00,5.0,811.0,514.0,63.38,413.0,208.0,70.0,135.0,82.0,53.0,15.099,341.0,3.186,2.571,184.0,329.0,16.0,5.569,2.298,74.102,1.32,70.571,2.189,22.0,9.222,399.0,8.285,527.0,9.0,35.318,636.0,30.458,4.064,160.0,3.213
,2023-01-01 00:00:00+00:00,9.0,1.791,1.439,80.35,581.0,245.0,55.0,281.0,160.0,121.0,28.13,3.442,5.834,11.0,559.0,339.0,340.0,2.088,7.528,68.6,868.0,64.367,3.171,194.0,11.117,245.0,9.314,750.0,148.0,63.457,1.145,53.954,6.674,1.684,5.793
,2023-01-01 00:00:00+00:00,9.0,1.878,1.709,91.0,629.0,299.0,51.0,279.0,206.0,73.0,38.94,1.334,20.248,424.0,531.0,447.0,151.0,1.659,34.894,102.362,1.29,95.63,5.197,245.0,27.997,532.0,24.827,1.606,105.0,111.669,1.899,100.26,8.773,736.0,5.632
,2023-01-01 00:00:00+00:00,3.0,1.52,726.0,47.76,274.0,116.0,38.0,120.0,76.0,44.0,33.752,1.422,3.278,290.0,278.0,66.0,405.0,2.24,9.001,52.75,803.0,48.37,3.501,76.0,17.629,907.0,11.775,1.164,139.0,84.575,2.944,68.345,10.365,2.921,5.486
